price,accommodates average,accommodates median,bedrooms average,bedrooms median,reviews average,reviews median,neighbor list,length
0-100,1.998330550918197,2,0.9941569282136895,1.0,20.187813021702837,5,"['Allston' 'Dorchester' 'East Boston' 'Roxbury' 'Brighton' 'Fenway'
 'Mission Hill' 'Downtown' 'North End' 'Jamaica Plain' 'South Boston'
 'Hyde Park' 'Roslindale' 'South End' 'West Roxbury' 'Back Bay' 'West End'
 'Beacon Hill' 'Mattapan' 'Charlestown' 'Longwood Medical Area'
 'South Boston Waterfront' 'Chinatown' 'Bay Village']",1198
100-200,3.1205211726384365,3,1.1371428571428572,1.0,17.14657980456026,5,"['Jamaica Plain' 'Beacon Hill' 'Mission Hill' 'Back Bay' 'Allston'
 'Brighton' 'South Boston' 'East Boston' 'West End' 'Dorchester' 'Fenway'
 'North End' 'Roslindale' 'South End' 'Downtown' 'South Boston Waterfront'
 'Roxbury' 'Bay Village' 'Charlestown' 'Chinatown' 'West Roxbury'
 'Mattapan' 'Hyde Park' 'Longwood Medical Area' 'Leather District']",1228
200-300,3.9642857142857144,4,1.5814889336016096,1.0,13.380952380952381,4,"['Back Bay' 'Jamaica Plain' 'Beacon Hill' 'Downtown' 'North End'
 'South End' 'South Boston' 'Fenway' 'Leather District' 'Chinatown'
 'West Roxbury' 'East Boston' 'West End' 'South Boston Waterfront'
 'Charlestown' 'Dorchester' 'Hyde Park' 'Roslindale' 'Allston'
 'Mission Hill' 'Roxbury' 'Brighton' 'Bay Village']",504
300-400,4.775862068965517,4,2.0172413793103448,2.0,9.362068965517242,4,"['Downtown' 'South Boston Waterfront' 'Fenway' 'Chinatown' 'North End'
 'South Boston' 'South End' 'Back Bay' 'Dorchester' 'Charlestown'
 'Jamaica Plain' 'Beacon Hill' 'Roxbury' 'West Roxbury' 'Brighton'
 'Mission Hill' 'Bay Village' 'West End' 'Allston']",174
400-500,4.811764705882353,4,2.023529411764706,2.0,6.105882352941176,1,"['Mission Hill' 'South Boston Waterfront' 'Jamaica Plain' 'Beacon Hill'
 'Charlestown' 'South Boston' 'Fenway' 'Brighton' 'Back Bay' 'Downtown'
 'South End' 'Allston' 'Roxbury' 'West End' 'Bay Village' 'Chinatown'
 'Leather District' 'North End']",85
500-1000,5.172839506172839,5,2.308641975308642,2.0,4.444444444444445,0,"['Back Bay' 'Fenway' 'Chinatown' 'Charlestown' 'South Boston Waterfront'
 'Allston' 'Downtown' 'Beacon Hill' 'West End' 'South Boston' 'South End'
 'Jamaica Plain' 'Roxbury' 'Leather District' 'North End' 'Mission Hill'
 'Brighton']",81
1000-5000,4.0,4,2.142857142857143,2.0,0.0,0,"['Back Bay' 'Bay Village' 'Fenway' 'South End' 'South Boston Waterfront'
 'Roxbury']",7
